{
"meta":{"test_sets":[],"test_metrics":[],"learn_metrics":[{"best_value":"Min","name":"MAE"}],"launch_mode":"Train","parameters":"","iteration_count":982,"learn_sets":["learn"],"name":"experiment"},
"iterations":[
{"learn":[0.5567259241],"iteration":0,"passed_time":0.00935195014,"remaining_time":9.174263088},
{"learn":[0.5428771217],"iteration":1,"passed_time":0.01541923272,"remaining_time":7.555424033},
{"learn":[0.5288202622],"iteration":2,"passed_time":0.02460693216,"remaining_time":8.03006219,
,
{"learn":[0.5174865236],"iteration":3,"passed_time":0.03070924971,"remaining_time":7.50841155,,,
{"learn":[0.5054619191],"iteration":4,"passed_time":0.03858948121,"remaining_time":7.5403846,
,,
{"learn":[0.4939417379],"iteration":5,"passed_time":0.04563199838,"remaining_time":7.4228050,
,,
{"learn":[0.4848793682],"iteration":6,"passed_time":0.05427552847,"remaining_time":7.5598057,,
,
{"learn":[0.4750824633],"iteration":7,"passed_time":0.06189727638,"remaining_time":7.5359933,
{,
{"learn":[0.4673324866],"iteration":8,"passed_time":0.06926219796,"remaining_time":7.48801,
,
{,
{"learn":[0.458920332],"iteration":9,"passed_time":0.07653527594,"remaining_time":7.439228,
,
,
{"learn":[0.4530875108],"iteration":10,"passed_time":0.08525155559,"remaining_time":7.525387,
,
,
{"learn":[0.4447209614],"iteration":11,"passed_time":0.09315329471,"remaining_time":7.52989,
,
{,
{"learn":[0.4376717264],"iteration":12,"passed_time":0.09874660786,"remaining_time":7.360,
{",
{,
{"learn":[0.4315274249],"iteration":13,"passed_time":0.1065724747,"remaining_time":7.368,
{,
{",
{"learn":[0.4249188436],"iteration":14,"passed_time":0.1149222584,"remaining_time":7.40,
{",
{",
{"learn":[0.4211178841],"iteration":15,"passed_time":0.1237053363,"remaining_time":7.46,
{",
{",
{"learn":[0.4161981993],"iteration":16,"passed_time":0.131828088,"remaining_time":7.483,
{",
,
{"learn":[0.4109715512],"iteration":17,"passed_time":0.1399381557,"remaining_time":7.4944,
{",
,
{"learn":[0.4063270503],"iteration":18,"passed_time":0.148615867,"remaining_time":7.53247,
{",
{"learn":[0.4022052495],"iteration":19,"passed_time":0.1579151151,"remaining_time":7.59571,
{"l,
{"learn":[0.3977987196],"iteration":20,"passed_time":0.1664651811,"remaining_time":7.61776,
{"l,
{"learn":[0.3947347651],"iteration":21,"passed_time":0.1750586248,"remaining_time":7.63892,
{"l,
{"learn":[0.3910107648],"iteration":22,"passed_time":0.1853052497,"remaining_time":7.72642,
{"l,
{"learn":[0.3881210083],"iteration":23,"passed_time":0.1935460265,"remaining_time":7.72571,
{"l,
{"learn":[0.3853667158],"iteration":24,"passed_time":0.2034482655,"remaining_time":7.7879,
{"le,
{"learn":[0.3834481755],"iteration":25,"passed_time":0.2126382628,"remaining_time":7.8185,
{"le,
{"learn":[0.3814048498],"iteration":26,"passed_time":0.2226583477,"remaining_time":7.8755,
{"le,
{"learn":[0.3780836286],"iteration":27,"passed_time":0.2337711875,"remaining_time":7.9649,
{"l,,
{"learn":[0.375429546],"iteration":28,"passed_time":0.2410692054,"remaining_time":7.92203,
{",,
{"learn":[0.3733583025],"iteration":29,"passed_time":0.2518998043,"remaining_time":7.99362,,
{",
{"learn":[0.3706676918],"iteration":30,"passed_time":0.2605262665,"remaining_time":7.99227,,
{,
{"learn":[0.3690628556],"iteration":31,"passed_time":0.270180716,"remaining_time":8.020990,
{",
{"learn":[0.3674544109],"iteration":32,"passed_time":0.2796094612,"remaining_time":8.040890,
{",
{"learn":[0.3653035987],"iteration":33,"passed_time":0.2891646732,"remaining_time":8.062591,
{",
{"learn":[0.3628270791],"iteration":34,"passed_time":0.2980094687,"remaining_time":8.063284,
{",
{"learn":[0.3613851651],"iteration":35,"passed_time":0.3080447493,"remaining_time":8.09473,,
{",
{"learn":[0.3596789043],"iteration":36,"passed_time":0.3167061283,"remaining_time":8.08884,,
{",
{"learn":[0.3581107594],"iteration":37,"passed_time":0.3255713929,"remaining_time":8.08787,,
{",
{"learn":[0.3570807058],"iteration":38,"passed_time":0.3348972154,"remaining_time":8.09764,,
{",
{"learn":[0.3558823152],"iteration":39,"passed_time":0.3437780903,"remaining_time":8.0959,
{"le,
{"learn":[0.3540908745],"iteration":40,"passed_time":0.3533400357,"remaining_time":8.1095,
{"learn":[0.3564720814],"iteration":41,"passed_time":0.3645723608,"remaining_time":8.159476645,,
{"learn":[0.3554788377],"iteration":42,"passed_time":0.3739074274,"remaining_time":8.16509475,
,
{"learn":[0.3544781773],"iteration":43,"passed_time":0.3838397167,"remaining_time":8.182764,
{,
{"learn":[0.3537324277],"iteration":44,"passed_time":0.3931502558,"remaining_time":8.1862619,
{,
{"learn":[0.3525416739],"iteration":45,"passed_time":0.4020389357,"remaining_time":8.180618,
{",
{"learn":[0.3518944616],"iteration":46,"passed_time":0.4106701482,"remaining_time":8.169714,
{,
{"learn":[0.3512676366],"iteration":47,"passed_time":0.4202301011,"remaining_time":8.176977,
{",
{"learn":[0.3503991109],"iteration":48,"passed_time":0.4287961529,"remaining_time":8.164628,
{",
{"learn":[0.3495116664],"iteration":49,"passed_time":0.4388047865,"remaining_time":8.179321,
{,
{"learn":[0.3484594907],"iteration":50,"passed_time":0.4482267821,"remaining_time":8.1823359,
{,
{"learn":[0.3478269767],"iteration":51,"passed_time":0.4572646014,"remaining_time":8.1780015,
{,
{"learn":[0.3469019736],"iteration":52,"passed_time":0.4670460534,"remaining_time":8.186524,
{",
{"learn":[0.3461381597],"iteration":53,"passed_time":0.4764425626,"remaining_time":8.187,
{"lea,
{"learn":[0.3450127546],"iteration":54,"passed_time":0.4866662105,"remaining_time":8.20,
{"lear,
{"learn":[0.3444900121],"iteration":55,"passed_time":0.4963479424,"remaining_time":8.2,
{"learn,
{"learn":[0.3439596066],"iteration":56,"passed_time":0.5058192621,"remaining_time":8.2,
{"learn,
{"learn":[0.3429246051],"iteration":57,"passed_time":0.5160134878,"remaining_time":8.2,
{"learn":[0.338428228],"iteration":58,"passed_time":0.5215051123,"remaining_time":8.158461333},
{"learn":[0.3378477488],"iteration":59,"passed_time":0.5311272476,"remaining_time":8.161655372},
{"learn":[0.3374018177],"iteration":60,"passed_time":0.5379582585,"remaining_time":8.122287805},
{"learn":[0.3368681491],"iteration":61,"passed_time":0.5450140606,"remaining_time":8.087305416},
{"learn":[0.3362721804],"iteration":62,"passed_time":0.5520202348,"remaining_time":8.052485647},
{"learn":[0.3358191458],"iteration":63,"passed_time":0.5587057162,"remaining_time":8.013935117},
{"learn":[0.3350803702],"iteration":64,"passed_time":0.5659754654,"remaining_time":7.984607719},
{"learn":[0.3343386806],"iteration":65,"passed_time":0.5725031933,"remaining_time":7.94565038},
{"learn":[0.3336375752],"iteration":66,"passed_time":0.5800710102,"remaining_time":7.921865288},
{"learn":[0.3328185474],"iteration":67,"passed_time":0.586762424,"remaining_time":7.886777287},
{"learn":[0.3321982639],"iteration":68,"passed_time":0.5930474522,"remaining_time":7.847135128},
{"learn":[0.3318137407],"iteration":69,"passed_time":0.6004833189,"remaining_time":7.823439812},
{"learn":[0.3313514001],"iteration":70,"passed_time":0.6074943654,"remaining_time":7.794751647},
{"learn":[0.3305744847],"iteration":71,"passed_time":0.6130783161,"remaining_time":7.748628717},
{"learn":[0.3298396858],"iteration":72,"passed_time":0.6183047959,"remaining_time":7.699165198},
{"learn":[0.3290751645],"iteration":73,"passed_time":0.6233376724,"remaining_time":7.64852171},
{"learn":[0.3286146745],"iteration":74,"passed_time":0.6287302737,"remaining_time":7.603444777},
{"learn":[0.3281850992],"iteration":75,"passed_time":0.6337755454,"remaining_time":7.555271633},
{"learn":[0.3278662928],"iteration":76,"passed_time":0.6385836652,"remaining_time":7.505431389},
{"learn":[0.327061948],"iteration":77,"passed_time":0.643793427,"remaining_time":7.461400744},
{"learn":[0.3261816446],"iteration":78,"passed_time":0.6489883766,"remaining_time":7.418183596},
{"learn":[0.3258065329],"iteration":79,"passed_time":0.6539724241,"remaining_time":7.373539082},
{"learn":[0.324971144],"iteration":80,